材料,酶活,底物,pH,温度(℃),指标,等级,tier,文献数,倍数,疑因标签,逐条取值(DOI=值),人工复核结论,复核备注
fe3o4,peroxidase,H2O2,4.0,25.0,vmax_um_s,严重,3,5,376744.19,跨文献,10.1039/c7ay00750g=0.0911 | 10.1039/c7ay00750g=0.0911 | 10.1039/c7ay00750g=0.0911 | 10.1088/1361-6528/ab2026=0.0085 | 10.1088/1361-6528/ab2026=0.0085 | 10.1002/chem.201101191=486.0 | 10.1021/acs.analchem.9b04116=0.00129 | 10.1021/acs.analchem.9b04116=0.00342 | 10.1039/c8nj01190g=0.05139,,
fe3o4,peroxidase,TMB,3.6,37.0,vmax_um_s,严重,3,3,25471.7,跨文献,10.1038/s41596-018-0001-1=0.655 | 10.1038/s41596-018-0001-1=0.65 | 10.1038/s41596-018-0001-1=0.655 | 10.1002/smll.202105673=0.106 | 10.1016/j.apsusc.2023.157185=2700.0,,
pt,peroxidase,TMB,4.0,37.0,vmax_um_s,严重,3,3,16000.0,跨文献,10.1016/j.snb.2017.07.108=0.02 | 10.1016/j.biomaterials.2010.11.004=0.558 | 10.1016/j.biomaterials.2010.11.004=320.0 | 10.1039/c6an02722a=0.152 | 10.1039/c6an02722a=0.0563,,
pt,peroxidase,TMB,4.0,37.0,km_mm,严重,3,2,1474.41,跨文献,10.1016/j.snb.2017.07.108=0.127 | 10.1016/j.biomaterials.2010.11.004=0.22 | 10.1016/j.biomaterials.2010.11.004=187.25,,
co3o4,peroxidase,H2O2,4.0,40.0,km_mm,严重,3,2,782.14,跨文献,10.1016/j.apsusc.2016.12.067=0.0262 | 10.1016/j.apsusc.2016.12.067=0.079 | 10.1016/j.apsusc.2016.12.067=0.091 | 10.1039/c7nj03880a=20.492,,
pd,peroxidase,H2O2,4.0,25.0,km_mm,严重,3,3,330.0,跨文献,10.1002/adfm.201801484=1.0 | 10.1007/s10853-020-05589-0=330.0 | 10.1021/acsanm.8b00578=1.52,,
pt,peroxidase,TMB,4.0,25.0,km_mm,严重,3,4,563.87,跨文献,10.1002/adfm.201801484=0.81 | 10.1016/j.aca.2013.03.034=0.12 | 10.1016/j.bios.2014.11.032=0.119 | 10.1016/j.cej.2023.142494=67.1,,
ceo2,peroxidase,H2O2,3.8,40.0,km_mm,严重,3,2,144.09,跨文献,10.1016/j.msec.2015.10.046=0.958 | 10.1016/j.msec.2015.10.046=36.6 | 10.1016/j.snb.2016.09.049=0.254 | 10.1016/j.snb.2016.09.049=0.278,,
fe4fecn63,peroxidase,H2O2,3.6,25.0,km_mm,严重,3,2,57.14,跨文献,10.1007/s00604-015-1697-z=840.0 | 10.1021/jacs.5b12070=14.7 | 10.1021/jacs.5b12070=17.1,,
mno2,oxidase,TMB,4.0,25.0,km_mm,严重,3,2,950.0,单位量级错配?/跨文献,10.1007/s12274-020-2680-5=0.0001 | 10.1007/s12274-020-2680-5=0.0009 | 10.1007/s12274-020-2680-5=0.0035 | 10.1016/j.bios.2018.08.004=0.095,,
mnco2o4,oxidase,TMB,4.0,25.0,km_mm,严重,3,2,36.71,跨文献,10.1016/j.snb.2018.04.150=0.00899 | 10.1016/j.snb.2018.04.150=0.00899 | 10.1016/j.snb.2018.04.150=0.009 | 10.1021/acs.analchem.0c01886=0.33 | 10.1021/acs.analchem.0c01886=0.33,,
fe3o4,peroxidase,TMB,3.5,40.0,km_mm,严重,3,2,33.98,跨文献,10.1038/nnano.2007.260=0.098 | 10.1038/nnano.2007.260=0.098 | 10.1038/nnano.2007.260=0.098 | 10.1038/nnano.2007.260=0.098 | 10.1016/j.jtice.2017.12.011=3.33,,
ceo2,peroxidase,TMB,3.8,40.0,vmax_um_s,严重,3,2,10847.88,跨文献,10.1016/j.msec.2015.10.046=0.000401 | 10.1016/j.msec.2015.10.046=0.26899999999999996 | 10.1016/j.snb.2016.09.049=4.35 | 10.1016/j.snb.2016.09.049=0.0159,,
fe3o4,peroxidase,TMB,3.6,25.0,km_mm,严重,3,2,26.7,跨文献,10.1016/j.bios.2018.11.043=6.22 | 10.1021/am405009f=0.233 | 10.1021/am405009f=0.233 | 10.1021/am405009f=0.233,,
co3o4,peroxidase,H2O2,5.0,25.0,km_mm,严重,3,4,189.28,跨文献,10.1021/am406033q=1.9 | 10.1021/am406033q=1.9 | 10.1039/c2cc17013b=140.07 | 10.1039/c2cc17013b=140.07 | 10.1039/c2cc17013b=140.07 | 10.1021/acs.inorgchem.9b03512=0.74 | 10.1021/acs.inorgchem.9b03512=3.43 | na-1589=8.15,,
pt,oxidase,TMB,4.0,25.0,vmax_um_s,严重,3,3,636.36,跨文献,10.1038/srep40103=0.32699999999999996 | 10.1016/j.bios.2018.08.004=0.011 | 10.1016/j.bios.2016.10.082=7.0,,
pt,peroxidase,H2O2,4.0,25.0,km_mm,严重,3,3,111.45,跨文献,10.1002/adfm.201801484=6.9 | 10.1016/j.aca.2013.03.034=769.0 | 10.1016/j.bios.2014.11.032=41.8,,
ceo2,oxidase,TMB,4.0,25.0,km_mm,严重,3,4,380.57,跨文献,10.1016/j.cej.2017.08.026=0.35 | 10.1039/c6nr02730j=1.5 | 10.1039/c6nr02730j=1.5 | 10.1039/c6nr02730j=1.5 | 10.1039/c9nr05346h=0.14 | 10.1039/c9nr05346h=0.14 | 10.1039/c9nr05346h=1.5 | 10.1039/c9nr05346h=1.5 | 10.1039/d0nr04177g=0.07 | 10.1039/d0nr04177g=0.96 | 10.1039/d0nr04177g=26.64,,
ceo2,peroxidase,TMB,4.0,45.0,km_mm,严重,3,2,13.54,跨文献,10.1039/c2ay25511a=0.046 | 10.1039/c2ay25511a=0.046 | 10.1039/c2ay25511a=0.046 | 10.1039/c7ay02459b=0.623,,
cuo,peroxidase,H2O2,4.5,37.0,km_mm,严重,3,2,12.83,跨文献,10.1038/s41467-019-08657-5=31.18 | 10.1038/s41467-019-08657-5=31.18 | 10.1038/s41467-019-08657-5=31.18 | 10.1021/acsami.6b05354=400.0,,
fe2o3,peroxidase,TMB,3.55,25.0,vmax_um_s,严重,3,4,333.33,跨文献,10.1039/c8tb01132j=0.0736 | 10.1039/c9tb00989b=0.5199999999999999 | 10.1039/c9tb00989b=0.0543 | 10.1016/j.colsurfa.2016.07.037=0.0423 | 10.1016/j.colsurfa.2016.07.037=0.0423 | 10.1021/acsanm.0c02807=0.0015600000000000002,,
pt,peroxidase,TMB,4.0,25.0,vmax_um_s,严重,3,3,21.0,跨文献,10.1002/adfm.201801484=0.12000000000000001 | 10.1016/j.aca.2013.03.034=1.26 | 10.1016/j.cej.2023.142494=0.060000000000000005,,
fe3o4,peroxidase,TMB,4.0,25.0,vmax_um_s,严重,3,6,94.87,单位量级错配?/跨文献,10.1021/jacs.7b00601=0.0071666667 | 10.1021/jacs.7b00601=0.0071666667 | 10.1021/jacs.7b00601=0.0072 | 10.1039/c7ay00750g=0.0362 | 10.1039/c7ay00750g=0.0362 | 10.1039/c7ay00750g=0.036199999999999996 | 10.1088/1361-6528/ab2026=0.0364 | 10.1088/1361-6528/ab2026=0.0364 | 10.1002/chem.201101191=0.333 | 10.1021/acs.analchem.9b04116=0.00406 | 10.1021/acs.analchem.9b04116=0.0035099999999999997 | 10.1039/c8nj01190g=0.09409000000000001,,
ceo2,oxidase,TMB,4.0,25.0,kcat_s,严重,3,2,9.19,单位量级错配?/跨文献,10.1039/c6nr02730j=0.16 | 10.1039/c6nr02730j=0.16 | 10.1039/c9nr05346h=1.47 | 10.1039/c9nr05346h=1.47 | 10.1039/c9nr05346h=0.16 | 10.1039/c9nr05346h=0.16,,
mn3o4,catalase,H2O2,7.0,25.0,vmax_um_s,严重,3,2,23.05,跨文献,10.1002/anie.201708573=122.166667 | 10.1002/chem.201800770=7.4 | 10.1002/chem.201800770=5.3 | 10.1002/chem.201800770=122.1 | 10.1002/chem.201800770=5.8 | 10.1002/chem.201800770=21.8,,
mos2,peroxidase,H2O2,4.0,25.0,vmax_um_s,严重,3,2,20.84,跨文献,10.1039/c6ra18050g=0.047599999999999996 | 10.1039/c7tb02676e=0.132 | 10.1039/c7tb02676e=0.152 | 10.1039/c7tb02676e=0.192 | 10.1039/c7tb02676e=0.992,,
fe3o4,peroxidase,H2O2,4.0,25.0,km_mm,严重,3,5,2434.21,跨文献,10.1039/c7ay00750g=155.0 | 10.1039/c7ay00750g=155.0 | 10.1039/c7ay00750g=155.0 | 10.1088/1361-6528/ab2026=0.076 | 10.1088/1361-6528/ab2026=0.076 | 10.1002/chem.201101191=185.0 | 10.1021/acs.analchem.9b04116=6.66 | 10.1021/acs.analchem.9b04116=30.24 | 10.1039/c8nj01190g=0.811,,
fe2o3,peroxidase,H2O2,3.6,25.0,vmax_um_s,严重,3,4,87.31,跨文献,10.1039/c8tb01132j=0.0637 | 10.1039/c9tb00989b=0.037700000000000004 | 10.1039/c9tb00989b=0.0184 | 10.1016/j.colsurfa.2016.07.037=0.0217 | 10.1016/j.colsurfa.2016.07.037=0.0217 | 10.1016/j.colsurfa.2016.07.037=0.172 | 10.1016/j.colsurfa.2016.07.037=0.172 | 10.1021/acsanm.0c02807=0.0019700000000000004,,
ceo2,peroxidase,TMB,4.0,25.0,km_mm,严重,3,3,10.71,单位量级错配?/跨文献,10.1039/c6nr02730j=0.14 | 10.1039/c9nr05346h=1.5 | 10.1038/srep35344=0.217 | 10.1038/srep35344=0.24 | 10.1038/srep35344=0.24,,
ceo2,peroxidase,TMB,3.8,40.0,km_mm,严重,3,2,14.08,跨文献,10.1016/j.msec.2015.10.046=0.0753 | 10.1016/j.msec.2015.10.046=1.06 | 10.1016/j.snb.2016.09.049=0.0854 | 10.1016/j.snb.2016.09.049=0.274,,
mnfe2o4,oxidase,TMB,4.0,28.0,km_mm,严重,3,2,6.09,跨文献,10.1002/asia.201500942=0.03776 | 10.1002/asia.201500942=0.03776 | 10.1002/asia.201500942=0.0378 | 10.1007/s41664-019-00100-4=0.23,,
co3o4,peroxidase,TMB,5.0,25.0,km_mm,严重,3,4,13.24,跨文献,10.1021/am406033q=0.49 | 10.1021/am406033q=0.49 | 10.1039/c2cc17013b=0.037 | 10.1039/c2cc17013b=0.037 | 10.1039/c2cc17013b=0.037 | 10.1021/acs.inorgchem.9b03512=0.07 | 10.1021/acs.inorgchem.9b03512=0.12 | na-1591=0.11,,
mos2,peroxidase,H2O2,4.0,25.0,km_mm,严重,3,3,69.48,跨文献,10.1039/c6ra18050g=0.366 | 10.1039/c7tb02676e=1.22 | 10.1039/c7tb02676e=1.98 | 10.1039/c7tb02676e=6.74 | 10.1039/c7tb02676e=8.06 | 10.1039/c8nj03996h=0.116,,
mno2,oxidase,TMB,4.0,25.0,vmax_um_s,严重,3,2,64.62,跨文献,10.1007/s12274-020-2680-5=5.63 | 10.1007/s12274-020-2680-5=1.58 | 10.1007/s12274-020-2680-5=16.8 | 10.1016/j.bios.2018.08.004=0.25999999999999995,,
mnco2o4,oxidase,TMB,4.0,25.0,vmax_um_s,严重,3,2,5.46,跨文献,10.1016/j.snb.2018.04.150=0.0604 | 10.1016/j.snb.2018.04.150=0.0604 | 10.1016/j.snb.2018.04.150=0.060399999999999995 | 10.1021/acs.analchem.0c01886=0.33 | 10.1021/acs.analchem.0c01886=0.33,,
ceo2,oxidase,ABTS,4.0,25.0,kcat_s,严重,3,2,4.59,跨文献,10.1039/c6nr02730j=2.8 | 10.1039/c6nr02730j=2.8 | 10.1039/c9nr05346h=12.84 | 10.1039/c9nr05346h=12.84 | 10.1039/c9nr05346h=2.8 | 10.1039/c9nr05346h=2.8,,
fe3o4,peroxidase,TMB,4.0,25.0,km_mm,严重,3,8,23.2,跨文献,10.1016/j.biomaterials.2009.05.005=0.24 | 10.1021/jacs.7b00601=0.295 | 10.1021/jacs.7b00601=0.295 | 10.1021/jacs.7b00601=0.295 | 10.1039/c7ay00750g=0.107 | 10.1039/c7ay00750g=0.107 | 10.1039/c7ay00750g=0.107 | 10.1088/1361-6528/ab2026=0.083 | 10.1088/1361-6528/ab2026=0.083 | 10.1002/chem.201001789=0.23 | 10.1002/chem.201001789=0.46 | 10.1002/chem.201001789=0.58 | 10.1002/chem.201101191=0.173 | 10.1021/acs.analchem.9b04116=0.088 | 10.1021/acs.analchem.9b04116=0.26 | 10.1039/c8nj01190g=0.025,,
co3o4,peroxidase,TMB,5.0,25.0,vmax_um_s,严重,3,4,4833836.86,跨文献,10.1021/am406033q=0.16 | 10.1021/am406033q=0.16 | 10.1039/c2cc17013b=0.0627 | 10.1039/c2cc17013b=0.0627 | 10.1039/c2cc17013b=0.0627 | 10.1021/acs.inorgchem.9b03512=0.158 | 10.1021/acs.inorgchem.9b03512=0.011399999999999999 | na-1591=3.31e-08,,
pd,peroxidase,H2O2,4.0,20.0,km_mm,严重,3,3,5.33,跨文献,10.1039/c5an01103e=137.0 | 10.1039/c5an01103e=156.0 | 10.1039/c5an01103e=254.0 | 10.1021/acsnano.5b03525=700.0 | 10.1007/s11434-016-1193-9=730.0,,
pt,peroxidase,H2O2,4.0,37.0,vmax_um_s,严重,3,2,4.16,跨文献,10.1016/j.snb.2017.07.108=0.031 | 10.1039/c6an02722a=0.129 | 10.1039/c6an02722a=0.047299999999999995,,
pdpt,peroxidase,H2O2,4.0,25.0,km_mm,严重,3,2,55.0,跨文献,10.1002/adfm.201801484=14.0 | 10.1016/j.sintl.2020.100031=350.0 | 10.1016/j.sintl.2020.100031=390.0 | 10.1016/j.sintl.2020.100031=770.0,,
v2o5,peroxidase,H2O2,7.4,25.0,km_mm,严重,3,2,3.57,跨文献,10.1016/j.ica.2018.09.045=0.04 | 10.1016/j.ica.2018.09.045=0.04 | 10.1002/anie.201800681=0.0444 | 10.1002/anie.201800681=0.0573 | 10.1002/anie.201800681=0.0925 | 10.1002/anie.201800681=0.143,,
fe3o4,peroxidase,TMB,4.0,30.0,vmax_um_s,严重,3,2,3179487.18,跨文献,10.1002/smll.202105673=0.124 | na-1456=3.9e-08,,
fe3o4,peroxidase,ABTS,4.0,25.0,kcat_s,严重,3,2,1400000.0,跨文献,10.1016/j.biomaterials.2009.05.005=2.5e-05 | 10.1021/jacs.7b00601=35.0,,
fe3o4,peroxidase,TMB,3.6,37.0,kcat_s,严重,3,2,3913485.09,跨文献,10.1038/s41596-018-0001-1=311904.7619 | 10.1038/s41929-021-00609-x=0.0797,,
fe3o4,peroxidase,TMB,4.0,25.0,kcat_s,严重,3,2,355000.0,跨文献,10.1016/j.biomaterials.2009.05.005=2e-05 | 10.1021/jacs.7b00601=7.1,,
nico2o4,oxidase,TMB,4.0,37.0,vmax_um_s,严重,3,2,3881881881.88,跨文献,10.1016/j.aca.2016.11.035=0.009989999999999999 | 10.1016/j.jhazmat.2020.123939=38780000.0,,
nico2o4,peroxidase,H2O2,4.0,37.0,vmax_um_s,严重,3,2,111350619.2,跨文献,10.1016/j.aca.2016.11.035=0.2584 | 10.1016/j.jhazmat.2020.123939=28773000.0,,
nico2o4,peroxidase,TMB,4.0,37.0,vmax_um_s,严重,3,2,2693882141.25,跨文献,10.1016/j.aca.2016.11.035=0.02223 | 10.1016/j.jhazmat.2020.123939=59885000.0,,
nico2s4,peroxidase,TMB,4.0,30.0,vmax_um_s,严重,3,2,1000000.0,跨文献,10.1016/j.talanta.2021.122337=0.041 | na-1457=4.0999999999999997e-08,,
ceo2,peroxidase,TMB,4.0,25.0,kcat_s,严重,3,2,6060.61,跨文献,10.1039/c9nr05346h=0.16 | 10.1038/srep35344=2.64e-05,,
pd,peroxidase,H2O2,4.0,25.0,vmax_um_s,严重,3,2,2200.0,跨文献,10.1002/adfm.201801484=0.0018 | 10.1021/acsanm.8b00578=3.96,,
nico2o4,oxidase,TMB,4.0,37.0,km_mm,严重,3,2,1270.0,跨文献,10.1016/j.aca.2016.11.035=0.127 | 10.1016/j.jhazmat.2020.123939=0.0001,,
nico2o4,peroxidase,TMB,4.0,37.0,km_mm,严重,3,2,710.0,跨文献,10.1016/j.aca.2016.11.035=0.142 | 10.1016/j.jhazmat.2020.123939=0.0002,,
cuo,peroxidase,H2O2,4.0,36.0,km_mm,严重,3,2,455.56,跨文献,10.1021/acssuschemeng.1c00723=0.09 | 10.1039/c2an35072f=41.0,,
nico2o4,peroxidase,H2O2,4.0,37.0,km_mm,严重,3,2,332.37,跨文献,10.1016/j.aca.2016.11.035=9.406 | 10.1016/j.jhazmat.2020.123939=0.0283,,
mvcm,oxidase,TMB,4.0,25.0,km_mm,严重,3,2,276.78,跨文献,10.1039/c4cc10346g=0.00037 | 10.1039/c4cc10346g=0.00037 | 10.1039/c9tb01515a=0.10241 | 10.1039/c9tb01515a=0.10241,,
mvcm,oxidase,TMB,4.0,25.0,vmax_um_s,严重,3,2,91.51,单位量级错配?/跨文献,10.1039/c4cc10346g=5.5 | 10.1039/c4cc10346g=5.5 | 10.1039/c9tb01515a=0.0601 | 10.1039/c9tb01515a=0.0601,,
v2o5,peroxidase,H2O2,4.0,25.0,km_mm,严重,3,2,80.0,跨文献,10.1002/adfm.201001302=0.0029 | 10.3390/s16040584=0.232,,
cuo,peroxidase,TMB,4.0,36.0,km_mm,严重,3,2,36.25,跨文献,10.1021/acssuschemeng.1c00723=0.58 | 10.1039/c2an35072f=0.016,,
ceo2,oxidase,TMB,4.0,25.0,vmax_um_s,严重,3,4,3.17,跨文献,10.1016/j.cej.2017.08.026=0.13999999999999999 | 10.1039/c6nr02730j=0.069 | 10.1039/c6nr02730j=0.069 | 10.1039/c6nr02730j=0.06899999999999999 | 10.1039/c9nr05346h=0.063 | 10.1039/c9nr05346h=0.063 | 10.1039/c9nr05346h=0.069 | 10.1039/c9nr05346h=0.069 | 10.1039/d0nr04177g=0.1 | 10.1039/d0nr04177g=0.19 | 10.1039/d0nr04177g=0.060000000000000005,,
fe3o4,peroxidase,H2O2,3.55,25.0,kcat_s,严重,3,2,20.47,跨文献,10.1016/j.bios.2018.11.043=1.6965 | 10.1021/am405009f=34.72,,
pt,peroxidase,H2O2,4.0,25.0,vmax_um_s,严重,3,2,18.69,跨文献,10.1002/adfm.201801484=0.09899999999999999 | 10.1016/j.aca.2013.03.034=1.85,,
c,peroxidase,TMB,3.55,36.0,vmax_um_s,严重,3,2,15.57,跨文献,10.1039/c1cc11943e=0.0361 | 10.1038/s41596-018-0001-1=0.562,,
fe3o4,peroxidase,TMB,3.55,25.0,kcat_s,严重,3,2,12.17,跨文献,10.1016/j.bios.2018.11.043=1.8256 | 10.1021/am405009f=22.22,,
pd,peroxidase,H2O2,4.0,20.0,vmax_um_s,严重,3,3,6.28,跨文献,10.1039/c5an01103e=0.24600000000000002 | 10.1039/c5an01103e=0.408 | 10.1039/c5an01103e=0.208 | 10.1021/acsnano.5b03525=0.06499999999999999 | 10.1007/s11434-016-1193-9=0.13999999999999999,,
cu,peroxidase,H2O2,6.0,30.0,vmax_um_s,严重,3,2,10.28,单位量级错配?/跨文献,10.1007/s00604-016-1915-3=0.434 | 10.1021/acsami.0c07886=0.0422,,
fe3o4,peroxidase,H2O2,4.45,25.0,vmax_um_s,严重,3,3,16.87,跨文献,10.1016/j.matlet.2013.04.020=0.2396 | 10.1016/j.matlet.2013.04.020=0.2396 | 10.1016/j.matlet.2013.04.020=0.2396 | 10.1002/anie.201904751=0.04598 | 10.1002/anie.201904751=0.04598 | 10.1088/1361-6463/aa5bf6=0.014199999999999999,,
agvo3,peroxidase,TMB,4.0,25.0,km_mm,严重,3,2,8.08,跨文献,10.1002/jccs.201700031=0.0412 | 10.1007/s00604-017-2562-z=0.333,,
pdnicl2,peroxidase,TMB,4.0,25.0,km_mm,严重,3,2,7.78,跨文献,10.1007/s00604-020-4208-9=0.036 | 10.1007/s12274-017-1868-9=0.28,,
ceo2,peroxidase,H2O2,3.8,40.0,vmax_um_s,严重,3,2,5.06,跨文献,10.1016/j.msec.2015.10.046=0.0025900000000000003 | 10.1016/j.msec.2015.10.046=0.00496 | 10.1016/j.snb.2016.09.049=0.0131 | 10.1016/j.snb.2016.09.049=0.0087,,
cu,peroxidase,TMB,6.0,30.0,vmax_um_s,严重,3,2,7.58,跨文献,10.1016/j.aca.2012.11.056=0.0596 | 10.1007/s00604-016-1915-3=0.45199999999999996,,
pdnicl2,peroxidase,H2O2,4.0,25.0,km_mm,严重,3,2,7.21,跨文献,10.1007/s00604-020-4208-9=78.0 | 10.1007/s12274-017-1868-9=10.82,,
fe3o4,peroxidase,TMB,3.6,37.0,km_mm,严重,3,4,1194.0,跨文献,10.1038/s41596-018-0001-1=0.2411 | 10.1038/s41596-018-0001-1=0.2411 | 10.1038/s41596-018-0001-1=0.2411 | 10.1038/s41596-018-0001-1=0.2411 | 10.1002/smll.202105673=0.3582 | 10.1016/j.apsusc.2023.157185=0.0003 | 10.1038/s41929-021-00609-x=0.0349,,
v2o5,peroxidase,GSH,7.4,25.0,km_mm,严重,3,2,2.68,跨文献,10.1016/j.ica.2018.09.045=1.28 | 10.1016/j.ica.2018.09.045=1.28 | 10.1002/anie.201800681=1.28 | 10.1002/anie.201800681=1.671 | 10.1002/anie.201800681=1.958 | 10.1002/anie.201800681=3.425,,
pt,oxidase,TMB,4.0,35.0,km_mm,严重,3,2,6.18,跨文献,10.1039/c3nr06896j=0.63 | 10.3390/nano10061015=0.102,,
pdpt,peroxidase,H2O2,4.0,25.0,vmax_um_s,严重,3,2,6.44,跨文献,10.1002/adfm.201801484=0.09000000000000001 | 10.1016/j.sintl.2020.100031=0.25999999999999995 | 10.1016/j.sintl.2020.100031=0.42000000000000004 | 10.1016/j.sintl.2020.100031=0.58,,
pdpt,peroxidase,TMB,4.0,25.0,vmax_um_s,严重,3,2,13.92,跨文献,10.1002/adfm.201801484=0.051 | 10.1016/j.sintl.2020.100031=0.6 | 10.1016/j.sintl.2020.100031=0.32 | 10.1016/j.sintl.2020.100031=0.71,,
fe3o4,peroxidase,H2O2,3.6,37.0,km_mm,严重,3,2,5.07,跨文献,10.1016/j.apsusc.2023.157185=1.281 | 10.1038/s41929-021-00609-x=6.49,,
pt,peroxidase,TMB,4.0,22.0,km_mm,严重,3,3,17.23,跨文献,10.1021/acs.langmuir.7b03430=0.052 | 10.1007/s11434-016 193-9=0.047 | 10.1007/s11434-016 193-9=0.047 | 10.1002/cnma.201600268=0.42 | 10.1002/cnma.201600268=0.52 | 10.1002/cnma.201600268=0.66 | 10.1002/cnma.201600268=0.71 | 10.1002/cnma.201600268=0.73 | 10.1002/cnma.201600268=0.81 | 10.1002/cnma.201600268=0.81,,
pd,peroxidase,TMB,4.0,20.0,vmax_um_s,严重,3,3,4.18,跨文献,10.1039/c5an01103e=0.091 | 10.1039/c5an01103e=0.315 | 10.1039/c5an01103e=0.224 | 10.1021/acsnano.5b03525=0.097 | 10.1007/s11434-016-1193-9=0.38,,
pt,peroxidase,TMB,4.0,22.0,vmax_um_s,严重,3,3,4.65,跨文献,10.1021/acs.langmuir.7b03430=0.164 | 10.1007/s11434-016 193-9=0.38 | 10.1007/s11434-016 193-9=0.38 | 10.1002/cnma.201600268=0.11 | 10.1002/cnma.201600268=0.24000000000000002 | 10.1002/cnma.201600268=0.386 | 10.1002/cnma.201600268=0.512 | 10.1002/cnma.201600268=0.33 | 10.1002/cnma.201600268=0.27599999999999997 | 10.1002/cnma.201600268=0.3,,
fes2,peroxidase,TMB,4.0,25.0,km_mm,严重,3,2,4.52,跨文献,10.1021/acs.jpcc.1c10325=1.08 | 10.1021/acsami.0c12593=4.88,,
ceo2,peroxidase,TMB,4.0,25.0,vmax_um_s,严重,3,2,20.5,跨文献,10.1039/c6nr02730j=0.063 | 10.1038/srep35344=0.082 | 10.1038/srep35344=0.004,,
agvo3,peroxidase,H2O2,4.0,25.0,km_mm,严重,3,2,4.07,跨文献,10.1002/jccs.201700031=5.291 | 10.1007/s00604-017-2562-z=1.3,,
lanio3,peroxidase,H2O2,4.5,37.0,km_mm,严重,3,2,4.0,跨文献,10.1038/s41467-019-08657-5=359.92 | 10.7150/thno.19257=90.05,,
mil53fe,peroxidase,TMB,4.0,40.0,km_mm,严重,3,2,3.86,跨文献,10.1002/chem.201303051=1.08 | 10.1039/c4ra15840g=0.28,,
fe2o3,peroxidase,TMB,3.55,25.0,km_mm,严重,3,4,5.35,跨文献,10.1039/c8tb01132j=0.298 | 10.1039/c9tb00989b=0.0997 | 10.1039/c9tb00989b=0.5304 | 10.1016/j.colsurfa.2016.07.037=0.439 | 10.1016/j.colsurfa.2016.07.037=0.439 | 10.1021/acsanm.0c02807=0.0992,,
fe2o3,peroxidase,H2O2,3.6,25.0,km_mm,严重,3,4,12.98,跨文献,10.1039/c8tb01132j=146.7 | 10.1039/c9tb00989b=127.92 | 10.1039/c9tb00989b=144.3 | 10.1016/j.colsurfa.2016.07.037=11.3 | 10.1016/j.colsurfa.2016.07.037=11.3 | 10.1016/j.colsurfa.2016.07.037=120.0 | 10.1016/j.colsurfa.2016.07.037=120.0 | 10.1021/acsanm.0c02807=114.0,,
ceo2,peroxidase,TMB,4.0,45.0,vmax_um_s,严重,3,2,2.07,跨文献,10.1039/c2ay25511a=0.0094 | 10.1039/c2ay25511a=0.0094 | 10.1039/c2ay25511a=0.0094 | 10.1039/c7ay02459b=0.0195,,
pt,peroxidase,H2O2,4.0,22.0,vmax_um_s,严重,3,2,2.07,跨文献,10.1021/acs.langmuir.7b03430=0.29 | 10.1007/s11434-016 193-9=0.14 | 10.1007/s11434-016 193-9=0.14,,
pd,peroxidase,TMB,4.0,25.0,vmax_um_s,严重,3,2,3.29,跨文献,10.1002/adfm.201801484=0.0021 | 10.1021/acsanm.8b00578=0.0069,,
co3o4,peroxidase,H2O2,5.0,25.0,vmax_um_s,严重,3,4,2347504.62,跨文献,10.1021/am406033q=0.127 | 10.1021/am406033q=0.127 | 10.1039/c2cc17013b=0.121 | 10.1039/c2cc17013b=0.121 | 10.1039/c2cc17013b=0.121 | 10.1021/acs.inorgchem.9b03512=0.1013 | 10.1021/acs.inorgchem.9b03512=0.0103 | na-1589=5.41e-08,,
co3o4,peroxidase,TMB,4.0,40.0,km_mm,严重,3,2,6.82,跨文献,10.1016/j.apsusc.2016.12.067=0.012 | 10.1016/j.apsusc.2016.12.067=0.013 | 10.1016/j.apsusc.2016.12.067=0.015 | 10.1039/c7nj03880a=0.0022,,
v2o5,peroxidase,H2O2,7.4,25.0,vmax_um_s,严重,3,2,2.38,跨文献,10.1016/j.ica.2018.09.045=3.2051666666 | 10.1016/j.ica.2018.09.045=3.2051666666 | 10.1002/anie.201800681=3.21 | 10.1002/anie.201800681=3.883333 | 10.1002/anie.201800681=5.666667 | 10.1002/anie.201800681=2.383333,,
fes2,peroxidase,H2O2,4.0,25.0,vmax_um_s,严重,3,2,3.09,跨文献,10.1021/acs.jpcc.1c10325=0.127 | 10.1021/acsami.0c12593=0.392,,
pd,peroxidase,TMB,4.0,25.0,km_mm,严重,3,3,7.0,跨文献,10.1002/adfm.201801484=0.12 | 10.1007/s10853-020-05589-0=0.02 | 10.1021/acsanm.8b00578=0.14,,
fe3o4,peroxidase,H2O2,4.4,25.0,km_mm,可疑,2,3,419750.0,跨文献,10.1016/j.matlet.2013.04.020=1175.3 | 10.1016/j.matlet.2013.04.020=1175.3 | 10.1016/j.matlet.2013.04.020=1175.3 | 10.1016/j.matlet.2013.04.020=1175.3 | 10.1002/anie.201904751=120.0 | 10.1002/anie.201904751=120.0 | 10.1088/1361-6463/aa5bf6=0.0028,,
pt,oxidase,TMB,4.0,25.0,km_mm,可疑,2,3,6.89,跨文献,10.1038/srep40103=0.53 | 10.1016/j.bios.2018.08.004=0.62 | 10.1016/j.bios.2016.10.082=0.09,,
tio2cqds,oxidase,TMB,5.0,25.0,vmax_um_s,可疑,2,2,1000000.0,跨文献,10.1039/c9tb02478f=0.025 | 10.1039/c9tb02478f=0.025 | na-831=2.5e-08,,
v2o5nanobelts,oxidase,glucose,7.0,37.0,vmax_um_s,可疑,2,2,1000000.0,跨文献,10.1021/acs.analchem.9b05872=0.18114 | 10.1021/acs.analchem.9b05872=0.18114 | na-1000=1.8114000000000002e-07,,
ceo2,peroxidase,H2O2,4.0,45.0,km_mm,可疑,2,2,964.18,单位量级错配?/跨文献,10.1039/c2ay25511a=64.6 | 10.1039/c2ay25511a=64.6 | 10.1039/c2ay25511a=64.6 | 10.1039/c7ay02459b=0.067,,
fe3o4,peroxidase,H2O2,3.6,25.0,km_mm,可疑,2,2,45.36,跨文献,10.1016/j.bios.2018.11.043=10.58 | 10.1021/am405009f=479.91 | 10.1021/am405009f=479.91 | 10.1021/am405009f=479.91,,
fe3o4,peroxidase,H2O2,3.5,40.0,km_mm,可疑,2,2,41.07,跨文献,10.1038/nnano.2007.260=154.0 | 10.1038/nnano.2007.260=154.0 | 10.1038/nnano.2007.260=154.0 | 10.1038/nnano.2007.260=154.0 | 10.1016/j.jtice.2017.12.011=3.75,,
ceo2,peroxidase,ABTS,4.0,25.0,km_mm,可疑,2,2,2.9,跨文献,10.1039/c6nr02730j=0.062 | 10.1039/c9nr05346h=0.18,,
mos2,peroxidase,TMB,4.0,25.0,km_mm,可疑,2,3,2.28,跨文献,10.1039/c6ra18050g=0.232 | 10.1039/c7tb02676e=0.17 | 10.1039/c7tb02676e=0.22 | 10.1039/c8nj03996h=0.387,,
hrp,peroxidase,H2O2,4.5,25.0,km_mm,可疑,2,2,2.8,跨文献,10.1039/c6cc08542c=10.35 | 10.1039/c4tb00541d=3.7,,
fe3o4,peroxidase,TMB,3.5,40.0,vmax_um_s,可疑,2,2,13.23,跨文献,10.1038/nnano.2007.260=0.0344 | 10.1038/nnano.2007.260=0.0344 | 10.1038/nnano.2007.260=0.0344 | 10.1016/j.jtice.2017.12.011=0.0026,,
pt,peroxidase,H2O2,4.0,22.0,km_mm,可疑,2,2,11.43,跨文献,10.1021/acs.langmuir.7b03430=63.86 | 10.1007/s11434-016 193-9=730.0 | 10.1007/s11434-016 193-9=730.0,,
v2o5,peroxidase,GSH,7.4,25.0,vmax_um_s,可疑,2,2,2.16,跨文献,10.1016/j.ica.2018.09.045=4.655 | 10.1016/j.ica.2018.09.045=4.655 | 10.1002/anie.201800681=4.6499999999999995 | 10.1002/anie.201800681=7.2 | 10.1002/anie.201800681=10.033333 | 10.1002/anie.201800681=7.783333,,
c,peroxidase,TMB,3.55,36.0,km_mm,可疑,2,2,2.66,跨文献,10.1039/c1cc11943e=0.039 | 10.1038/s41596-018-0001-1=0.1037,,
ceo2,peroxidase,H2O2,4.0,45.0,vmax_um_s,可疑,2,2,7.37,跨文献,10.1039/c2ay25511a=0.0507 | 10.1039/c2ay25511a=0.0507 | 10.1039/c2ay25511a=0.0507 | 10.1039/c7ay02459b=0.00688,,
fes2,peroxidase,H2O2,4.0,25.0,km_mm,可疑,2,2,2.5,跨文献,10.1021/acs.jpcc.1c10325=0.0907 | 10.1021/acsami.0c12593=0.227,,
cucufe2o4,peroxidase,H2O2,4.0,35.0,km_mm,可疑,2,2,2.41,跨文献,10.1016/j.surfin.2021.101109=0.21 | 10.1039/d0dt02395g=0.087,,
fe4fecn63,peroxidase,TMB,3.55,25.0,km_mm,可疑,2,2,2.26,跨文献,10.1007/s00604-015-1697-z=0.76 | 10.1021/jacs.5b12070=0.337,,
mos2,peroxidase,TMB,4.0,25.0,vmax_um_s,可疑,2,2,3.09,跨文献,10.1039/c6ra18050g=0.045599999999999995 | 10.1039/c7tb02676e=0.14100000000000001 | 10.1039/c7tb02676e=0.13699999999999998,,
ceo2,oxidase,ABTS,4.0,25.0,km_mm,可疑,2,2,2.9,跨文献,10.1039/c6nr02730j=0.18 | 10.1039/c6nr02730j=0.18 | 10.1039/c6nr02730j=0.18 | 10.1039/c9nr05346h=0.062 | 10.1039/c9nr05346h=0.062 | 10.1039/c9nr05346h=0.18 | 10.1039/c9nr05346h=0.18,,
pd,peroxidase,TMB,4.0,20.0,km_mm,可疑,2,3,1.78,跨文献,10.1039/c5an01103e=0.045 | 10.1039/c5an01103e=0.068 | 10.1039/c5an01103e=0.08 | 10.1021/acsnano.5b03525=0.054 | 10.1007/s11434-016-1193-9=0.047,,
mn3o4,catalase,H2O2,7.0,25.0,km_mm,可疑,2,2,1.88,跨文献,10.1002/anie.201708573=0.511 | 10.1002/chem.201800770=0.367 | 10.1002/chem.201800770=0.441 | 10.1002/chem.201800770=0.52 | 10.1002/chem.201800770=0.613 | 10.1002/chem.201800770=0.69,,
cuoh2,peroxidase,H2O2,4.5,25.0,km_mm,可疑,2,2,1.9,跨文献,10.1021/jacs.5b09337=0.199 | 10.1039/c6tb01233g=0.379,,
cuoh2,peroxidase,TMB,4.5,25.0,km_mm,可疑,2,2,1.83,跨文献,10.1021/jacs.5b09337=2.448 | 10.1039/c6tb01233g=1.335,,
cds,peroxidase,H2O2,4.0,40.0,km_mm,可疑,2,2,1.81,跨文献,10.1016/j.apcatb.2012.07.005=6.54 | 10.1016/j.molcata.2012.03.007=3.62,,
au25,catalase,H2O2,7.0,25.0,vmax_um_s,可疑,2,2,1.8,跨文献,10.1021/acs.nanolett.0c05148=0.685833333333333 | 10.1021/acs.nanolett.0c05148=0.685833333333333 | 10.1038/s41467-020-20275-0=1.233 | 10.1038/s41467-020-20275-0=1.233,,
lanio3,peroxidase,H2O2,4.5,37.0,vmax_um_s,可疑,2,2,1.78,跨文献,10.1038/s41467-019-08657-5=4.63 | 10.7150/thno.19257=2.6,,
cucufe2o4,peroxidase,TMB,4.0,35.0,km_mm,可疑,2,2,1.77,跨文献,10.1016/j.surfin.2021.101109=0.39 | 10.1039/d0dt02395g=0.69,,
fe3o4,peroxidase,ABTS,4.0,25.0,km_mm,可疑,2,2,2.25,跨文献,10.1016/j.biomaterials.2009.05.005=0.12 | 10.1021/jacs.7b00601=0.27 | 10.1021/jacs.7b00601=0.27 | 10.1021/jacs.7b00601=0.27,,
mno2,peroxidase,H2O2,4.0,25.0,vmax_um_s,可疑,2,2,1.76,跨文献,10.1002/adfm.201800018=0.34 | 10.1016/j.snb.2017.06.096=0.6,,
cds,peroxidase,TMB,4.0,40.0,km_mm,可疑,2,2,1.76,跨文献,10.1016/j.apcatb.2012.07.005=0.0054 | 10.1016/j.molcata.2012.03.007=0.0095,,
ceo2,oxidase,ABTS,4.0,25.0,vmax_um_s,可疑,2,2,2.18,跨文献,10.1039/c6nr02730j=1.2 | 10.1039/c6nr02730j=1.2 | 10.1039/c6nr02730j=1.2 | 10.1039/c9nr05346h=0.55 | 10.1039/c9nr05346h=0.55 | 10.1039/c9nr05346h=1.2 | 10.1039/c9nr05346h=1.2,,
co3o4,peroxidase,TMB,5.0,45.0,km_mm,可疑,2,2,1.74,跨文献,10.1039/c2cc17013b=0.037 | 10.1021/acsabm.1c00017=0.0213,,
fe3o4,peroxidase,TMB,4.4,25.0,km_mm,可疑,2,2,1.8,跨文献,10.1016/j.matlet.2013.04.020=0.485 | 10.1016/j.matlet.2013.04.020=0.485 | 10.1016/j.matlet.2013.04.020=0.485 | 10.1016/j.matlet.2013.04.020=0.485 | 10.1002/anie.201904751=0.269 | 10.1002/anie.201904751=0.269,,
cuo,peroxidase,H2O2,4.5,37.0,vmax_um_s,可疑,2,2,1.74,跨文献,10.1038/s41467-019-08657-5=0.28 | 10.1038/s41467-019-08657-5=0.28 | 10.1038/s41467-019-08657-5=0.27999999999999997 | 10.1021/acsami.6b05354=0.161,,
co3o4,peroxidase,H2O2,5.0,45.0,km_mm,可疑,2,2,1.53,跨文献,10.1039/c2cc17013b=140.07 | 10.1021/acsabm.1c00017=214.0,,
mno2,peroxidase,H2O2,4.0,25.0,km_mm,可疑,2,2,1.5,跨文献,10.1002/adfm.201800018=0.09 | 10.1016/j.snb.2017.06.096=0.06,,
cucufe2o4,peroxidase,H2O2,4.0,35.0,vmax_um_s,可疑,2,2,1.47,跨文献,10.1016/j.surfin.2021.101109=0.474 | 10.1039/d0dt02395g=0.32180000000000003,,
fes2,peroxidase,TMB,4.0,25.0,vmax_um_s,可疑,2,2,1.46,跨文献,10.1021/acs.jpcc.1c10325=0.47800000000000004 | 10.1021/acsami.0c12593=0.699,,
cucufe2o4,peroxidase,TMB,4.0,35.0,vmax_um_s,可疑,2,2,1.42,跨文献,10.1016/j.surfin.2021.101109=0.23900000000000002 | 10.1039/d0dt02395g=0.16870000000000002,,
au25,catalase,H2O2,7.0,25.0,km_mm,可疑,2,2,1.41,跨文献,10.1021/acs.nanolett.0c05148=479.39 | 10.1021/acs.nanolett.0c05148=479.39 | 10.1038/s41467-020-20275-0=676.0 | 10.1038/s41467-020-20275-0=676.0,,
pdpt,peroxidase,TMB,4.0,25.0,km_mm,可疑,2,2,1.41,跨文献,10.1002/adfm.201801484=0.43 | 10.1016/j.sintl.2020.100031=0.34 | 10.1016/j.sintl.2020.100031=0.45 | 10.1016/j.sintl.2020.100031=0.48,,
mnfe2o4,oxidase,TMB,4.0,28.0,vmax_um_s,可疑,2,2,1.3,跨文献,10.1002/asia.201500942=0.32 | 10.1002/asia.201500942=0.32 | 10.1007/s41664-019-00100-4=0.417,,
mil53fe,peroxidase,H2O2,4.0,40.0,km_mm,一致,1,2,1.33,跨文献,10.1002/chem.201303051=0.04 | 10.1039/c4ra15840g=0.03,,
fe3o4,peroxidase,TMB,4.0,30.0,km_mm,一致,1,2,1.25,跨文献,10.1002/smll.202105673=0.3033 | na-1456=0.242,,
fe3o4,peroxidase,TMB,4.4,25.0,vmax_um_s,一致,1,2,1.26,跨文献,10.1016/j.matlet.2013.04.020=0.0563 | 10.1016/j.matlet.2013.04.020=0.0563 | 10.1016/j.matlet.2013.04.020=0.0563 | 10.1002/anie.201904751=0.04477 | 10.1002/anie.201904751=0.04477,,
cu,peroxidase,TMB,6.0,30.0,km_mm,一致,1,2,1.19,跨文献,10.1016/j.aca.2012.11.056=0.648 | 10.1007/s00604-016-1915-3=0.543,,
fe3o4,peroxidase,H2O2,3.5,40.0,vmax_um_s,一致,1,2,1.17,跨文献,10.1038/nnano.2007.260=0.0978 | 10.1038/nnano.2007.260=0.0978 | 10.1038/nnano.2007.260=0.09780000000000001 | 10.1016/j.jtice.2017.12.011=0.0833,,
pmcs,peroxidase,TMB,4.5,45.0,kcat_s,一致,1,2,1.14,跨文献,10.1002/anie.201813994=4960000.0 | 10.1002/anie.201813994=5659059.15230554 | 10.1002/ange.201813994=4970000.0,,
pmcs,peroxidase,H2O2,4.5,45.0,kcat_s,一致,1,2,1.14,跨文献,10.1002/anie.201813994=5660000.0 | 10.1002/anie.201813994=4965067.53609688 | 10.1002/ange.201813994=5660000.0,,
cu,peroxidase,H2O2,6.0,30.0,km_mm,一致,1,2,1.13,跨文献,10.1007/s00604-016-1915-3=32.87 | 10.1021/acsami.0c07886=29.16,,
cuoh2,peroxidase,H2O2,4.5,25.0,vmax_um_s,一致,1,2,1.09,跨文献,10.1021/jacs.5b09337=0.4251 | 10.1039/c6tb01233g=0.391,,
cuoh2,peroxidase,TMB,4.5,25.0,vmax_um_s,一致,1,2,1.06,跨文献,10.1021/jacs.5b09337=0.4483 | 10.1039/c6tb01233g=0.421,,
cu2oh3clceo2,peroxidase,H2O2,3.0,25.0,km_mm,一致,1,2,1.0,跨文献,10.1007/s00604-015 506-8=11.61 | 10.1007/s00604-015 506-8=11.61 | 10.1007/s00604-015-1506-8=11.61,,
cu2oh3clceo2,peroxidase,TMB,3.0,25.0,km_mm,一致,1,2,1.0,跨文献,10.1007/s00604-015 506-8=12.36 | 10.1007/s00604-015 506-8=12.36 | 10.1007/s00604-015-1506-8=12.36,,
cu2oh3clceo2,peroxidase,H2O2,3.0,25.0,vmax_um_s,一致,1,2,1.0,跨文献,10.1007/s00604-015 506-8=0.0815 | 10.1007/s00604-015 506-8=0.0815 | 10.1007/s00604-015-1506-8=0.0815,,
cu2oh3clceo2,peroxidase,TMB,3.0,25.0,vmax_um_s,一致,1,2,1.0,跨文献,10.1007/s00604-015 506-8=0.1062 | 10.1007/s00604-015 506-8=0.1062 | 10.1007/s00604-015-1506-8=0.1062,,
fe2moo43f,peroxidase,H2O2,4.0,25.0,km_mm,一致,1,2,1.0,跨文献,10.1007/s00604-016 955-8=0.105 | 10.1007/s00604-016 955-8=0.105 | 10.1007/s00604-016-1955-8=0.105,,
fe2moo43f,peroxidase,TMB,4.0,25.0,km_mm,一致,1,2,1.0,跨文献,10.1007/s00604-016 955-8=1.126 | 10.1007/s00604-016 955-8=1.126 | 10.1007/s00604-016-1955-8=1.126,,
nico2s4,peroxidase,TMB,4.0,30.0,km_mm,一致,1,2,1.0,跨文献,10.1016/j.talanta.2021.122337=0.53 | na-1457=0.53,,
pmcs,peroxidase,H2O2,4.5,45.0,km_mm,一致,1,2,1.0,跨文献,10.1002/anie.201813994=40.16 | 10.1002/anie.201813994=40.16 | 10.1002/anie.201813994=40.16 | 10.1002/ange.201813994=40.16,,
pmcs,peroxidase,TMB,4.5,45.0,km_mm,一致,1,2,1.0,跨文献,10.1002/anie.201813994=0.224 | 10.1002/anie.201813994=0.224 | 10.1002/anie.201813994=0.224 | 10.1002/ange.201813994=0.224,,
tio2cqds,oxidase,TMB,5.0,25.0,km_mm,一致,1,2,1.0,跨文献,10.1039/c9tb02478f=0.158 | 10.1039/c9tb02478f=0.158 | na-831=0.158,,
tio2cqds,oxidase,TMB,5.0,25.0,kcat_s,一致,1,2,1.0,跨文献,10.1039/c9tb02478f=6.04 | 10.1039/c9tb02478f=6.04 | na-831=6.04,,
v2o5nanobelts,oxidase,glucose,7.0,37.0,km_mm,一致,1,2,1.0,跨文献,10.1021/acs.analchem.9b05872=3.02 | 10.1021/acs.analchem.9b05872=3.02 | na-1000=3.02,,
vs2,peroxidase,H2O2,4.0,25.0,km_mm,一致,1,2,1.0,跨文献,10.1007/s00604-017-2552=3.49 | 10.1007/s00604-017-2552=3.49 | 10.1007/s00604-017-2552-1=3.49,,
vs2,peroxidase,TMB,4.0,25.0,km_mm,一致,1,2,1.0,跨文献,10.1007/s00604-017-2552=0.28 | 10.1007/s00604-017-2552=0.28 | 10.1007/s00604-017-2552-1=0.28,,
vs2,peroxidase,H2O2,4.0,25.0,vmax_um_s,一致,1,2,1.0,跨文献,10.1007/s00604-017-2552=0.557 | 10.1007/s00604-017-2552=0.557 | 10.1007/s00604-017-2552-1=0.5569999999999999,,
vs2,peroxidase,TMB,4.0,25.0,vmax_um_s,一致,1,2,1.0,跨文献,10.1007/s00604-017-2552=0.416 | 10.1007/s00604-017-2552=0.416 | 10.1007/s00604-017-2552-1=0.416,,
