doi,material,substrate,sources,min_km,max_km,fold,n_sources,unit_uncertain
10.1038/s41467-018-03903-8,N-PCNSs-5,H2O2,"['db:ai-zymes', 'db:nanozymedb', 'human']",0.000154,161.0,1045454.5455,3,False
10.1038/s41467-018-03903-8,PCNSs,H2O2,"['db:ai-zymes', 'db:nanozymedb', 'human']",0.0006789,678.9,1000000.0,3,False
10.1038/s41467-018-03903-8,N-PCNSs-3,H2O2,"['db:ai-zymes', 'db:nanozymedb', 'human']",0.0006625,130.0,196226.4151,3,False
10.1016/j.bios.2014.08.062,NiO,H2O2,"['db:ai-zymes', 'db:dizyme', 'human']",0.00666,208.0,31231.2312,3,False
10.1016/j.bios.2014.08.062,NiO,TMB,"['db:ai-zymes', 'db:dizyme', 'human']",0.0067,208.0,31044.7761,3,False
10.1021/acsami.6b05354,CuO,H2O2,"['db:ai-zymes', 'db:dizyme', 'db:nanozymedb', 'human']",0.4,400.0,1000.0,4,False
10.1021/acsami.6b05354,CuO,TMB,"['db:ai-zymes', 'db:dizyme', 'db:nanozymedb', 'human']",0.025,25.0,1000.0,4,False
10.1021/acsami.6b05354,Zn-CuO,H2O2,"['db:ai-zymes', 'db:nanozymedb', 'human']",0.071,71.0,1000.0,3,False
10.1021/acsami.6b05354,Zn-CuO,TMB,"['db:ai-zymes', 'db:nanozymedb', 'human']",0.01,10.0,1000.0,3,False
10.1021/acsami.8b20942,HccFn(Co3O4),TMB,"['db:ai-zymes', 'db:nanozymedb', 'human']",0.84,840.0,1000.0,3,False
10.1021/acsami.8b20942,HccFn(Fe3O4),TMB,"['db:ai-zymes', 'db:nanozymedb', 'human']",1.12,1120.0,1000.0,3,False
10.1039/c7ra10370k,Ru NPs,TMB,"['db:ai-zymes', 'db:nanozymedb', 'human']",0.234,54.92,234.7009,3,False
10.1016/j.bios.2020.112342,Co3O4,H2O2,"['db:ai-zymes', 'db:dizyme', 'human']",5.9322,839.85,141.5748,3,False
10.1016/j.bios.2014.08.062,H2TCPP-NiO,TMB,"['db:ai-zymes', 'db:nanozymedb', 'human']",0.391,39.1,100.0,3,False
10.1021/acsami.0c08778,CeO2@PAA2K,H2O2,"['db:ai-zymes', 'human']",0.6,58.0,96.6667,2,False
10.1016/j.apcatb.2020.118725,Cit-IrNPs,H2O2,"['db:ai-zymes', 'human']",0.27,21.09,78.1111,2,False
10.1016/j.jallcom.2016.04.269,Fe3O4@Cu@Cu2O,H2O2,"['db:ai-zymes', 'db:nanozymedb', 'human']",2.3,116.3,50.5652,3,False
10.1021/am406033q,Co3O4,H2O2,"['db:ai-zymes', 'db:dizyme', 'human']",1.9,63.9,33.6316,3,False
10.1039/c9cc00199a,Fe SAEs,TMB,"['db:ai-zymes', 'human']",0.13,3.92,30.1538,2,False
10.1016/j.colsurfa.2016.07.037,Fe2O3,H2O2,"['db:ai-zymes', 'human']",11.3,305.0,26.9912,2,False
10.1016/j.snb.2023.134429,rGO@PDA@CeO2,H2O2,"['db:ai-zymes', 'human']",0.26,6.39,24.5769,2,False
10.1039/c0cc04850j,K5PV2Mo10O40,TMB,"['db:ai-zymes', 'human']",0.00041,0.0086,20.9756,2,False
10.1016/j.snb.2023.134429,rGO@PDA@CeO2,TMB,"['db:ai-zymes', 'human']",0.41,6.81,16.6098,2,False
10.1039/c6cc08542c,Fe3O4,H2O2,"['db:dizyme', 'db:nanozymedb']",37.99,571.6,15.0461,2,False
10.1021/acsami.0c11983,Cu NCs,H2O2,"['db:ai-zymes', 'human']",2.52,34.3,13.6111,2,False
10.1007/s00216-016-9976-z,HBPG-AuNPs,H2O2,"['db:ai-zymes', 'human']",62.8,777.8,12.3854,2,False
10.1039/c6nr02730j,CeO2,TMB,"['db:ai-zymes', 'db:dizyme', 'human']",0.14,1.5,10.7143,3,False
10.1039/c9nr05346h,CeO2,TMB,"['db:ai-zymes', 'db:nanozymedb', 'human']",0.14,1.5,10.7143,3,False
doi.org/10.1002/anie.201916142,Multi-caged IrOx NPs,H2O2,"['db:ai-zymes', 'human']",19.27,187.95,9.7535,2,False
10.1016/j.snb.2021.131150,CoNCDs,H2O2,"['db:ai-zymes', 'human']",0.13,1.26,9.6923,2,False
10.1039/c9cc00199a,Fe SAEs,OPD,"['db:ai-zymes', 'human']",0.066,0.572,8.6667,2,False
10.1002/anie.200805279,Cerium Oxide,TMB,"['db:ai-zymes', 'human']",0.8,6.9,8.625,2,False
10.1016/j.biomaterials.2009.05.005,Fe3O4,ABTS,"['db:dizyme', 'db:nanozymedb']",0.12,0.96,8.0,2,False
10.1021/acsami.0c08778,CeO2@PAA2K,TMB,"['db:ai-zymes', 'human']",0.027,0.17,6.2963,2,False
10.1016/j.snb.2012.03.045,Au@Pt0.25 NRs,TMB,"['db:ai-zymes', 'human']",0.026,0.163,6.2692,2,False
10.1016/j.bios.2020.112342,Co3O4,TMB,"['db:ai-zymes', 'db:dizyme', 'human']",0.0469,0.283,6.0341,3,False
10.1002/adma.201405105,MSN-AuNPs,TMB,"['db:ai-zymes', 'human']",0.0411,0.2248,5.4696,2,False
10.1021/acsami.7b17916,Au@HCNs,TMB,"['db:ai-zymes', 'human']",0.0323,0.17,5.2632,2,False
10.1016/j.cej.2020.125797,HCS@Pt NPs,TMB,"['db:ai-zymes', 'human']",0.352,1.779,5.054,2,False
10.1021/am5057129,TiO2@CeOx,H2O2,"['db:ai-zymes', 'db:nanozymedb', 'human']",1.39,6.29,4.5252,3,False
10.1039/c1cy00124h,a-Fe2O3,TMB,"['db:ai-zymes', 'human']",0.257,0.957,3.7237,2,False
10.1016/j.colsurfa.2016.07.037,Fe2O3,TMB,"['db:ai-zymes', 'human']",0.118,0.439,3.7203,2,False
10.1016/j.snb.2021.131150,CoNCDs,OPD,"['db:ai-zymes', 'human']",0.29,1.06,3.6552,2,False
10.1016/j.cej.2020.125797,Pt@HCS NPs,TMB,"['db:ai-zymes', 'human']",0.484,1.655,3.4194,2,False
10.1016/j.biomaterials.2009.05.005,Fe3O4,TMB,"['db:dizyme', 'db:nanozymedb']",0.22,0.71,3.2273,2,False
10.1002/adma.202002439,Ce-Bi/SiO2,H2O2,"['db:ai-zymes', 'human']",27.54,84.8,3.0792,2,False
10.1016/j.cej.2019.122484,Cu2O-CDs-Cu,OPD,"['db:ai-zymes', 'human']",3.94,11.95,3.033,2,False
10.1021/acsami.0c08778,bare CeO2,TMB,"['db:ai-zymes', 'human']",0.2,0.59,2.95,2,False
10.1039/c6nr02730j,CeO2,ABTS,"['db:ai-zymes', 'db:dizyme', 'human']",0.062,0.18,2.9032,3,False
10.1039/c9nr05346h,CeO2,ABTS,"['db:ai-zymes', 'db:nanozymedb', 'human']",0.062,0.18,2.9032,3,False
10.1016/j.apcatb.2019.118256,Co-V MMOs,TMB,"['db:ai-zymes', 'human']",0.179,0.444,2.4804,2,False
10.1039/c3ra23215h,Au@PtAg0.33,TMB,"['db:ai-zymes', 'db:dizyme', 'human']",0.0065,0.016,2.4615,3,False
10.1039/c3ra23215h,Au@Pt,TMB,"['db:ai-zymes', 'db:dizyme', 'human']",0.0089,0.02,2.2472,3,False
10.1016/j.biomaterials.2010.11.004,Pt(Pt-Ft),H2O2,"['db:ai-zymes', 'human']",187.25,420.6,2.2462,2,False
10.1021/acsami.0c08778,CeO2@PAA5K,TMB,"['db:ai-zymes', 'human']",0.039,0.086,2.2051,2,False
10.1002/smll.201603051,Au_Si_ACD,H2O2,"['db:ai-zymes', 'human']",117.0,252.0,2.1538,2,False
10.1016/j.biomaterials.2010.09.040,Au@0.25Pt,TMB,"['db:ai-zymes', 'human']",0.013,0.027,2.0769,2,False
